{"cameraMode":{"drawMode":0,"name":"Shaded","section":"Shading Mode"},"sceneLighting":true,"audioPlay":false,"sceneViewState":{"m_AlwaysRefresh":false,"showFog":true,"showSkybox":true,"showFlares":true,"showImageEffects":true,"showParticleSystems":true,"showVisualEffectGraphs":true,"m_FxEnabled":true},"in2DMode":false,"pivot":{"x":62.30000305175781,"y":7.030000686645508,"z":21.309999465942384},"rotation":{"x":0.266019731760025,"y":-0.045111414045095447,"z":0.011338252574205399,"w":0.9632313847541809},"size":25.852136611938478,"orthographic":false}